Altitude,Cumulative Distance,Cumulative Flight Time,Date,Distance,ES,Flight Duration (hr),Flight Time,Gender,Glider,GliderClass,Height Difference,Height Gain,Height Over Start,IGC File name,Id,Landing Time,Launch Time,Made Goal,Max Height,Max Vario,Min Vario,Pilot,SS,Score,Start Height,Start Time (UTC),Task,Task Type,Time,Timed Distance,km/h,cumulative_score,Avg Speed (km/hr),Speed on course (km/hr)
,175.3,4.6817,07.08.2022,175.3,16:42:56,4.6817,04:40:54,M,Zeno2 Ozone,D,-163,13599,2313,Austin Kasserman 2022-08-07-XFH-000-01.IGC,9.0,21:58:56,12:18:02,True,2415,4.4,-5.0,Austin Kasserman,12:40:36,1000.0,102,17:18:02,1,Downwind,4.0389,170.3,42.9,1000.0,37.44366362646048,42.16494590111169
,352.02,9.7864,08.08.2022,176.72,17:01:27,5.1047,05:06:17,,Zeno2 Ozone,D,-273,14721,2605,Austin Kasserman 2022-08-08-XFH-000-01.IGC,9.0,22:12:30,12:06:13,True,2693,5.2,-6.6,Austin Kasserman,12:32:30,1000.0,88,17:06:13,2,Downwind,4.4825,171.72,39.0,2000.0,34.61907653730875,38.30897936419409
,483.91999999999996,15.5322,09.08.2022,131.9,17:37:55,5.7458,05:44:45,,Zeno2 Ozone,D,-8,16908,2233,Austin Kasserman 2022-08-09-XFH-000-01.IGC,9.0,22:49:09,12:04:24,True,2313,5.2,-4.0,Austin Kasserman,12:17:41,1000.0,80,17:04:24,3,Rectangle,5.3372,126.9,24.3,3000.0,22.95589822130948,23.776512028779134
1115.0,503.21999999999997,17.1855,10.08.2022,19.3,,1.6533,01:39:12,,Zeno2 Ozone,D,-89,5052,1992,Austin Kasserman 2022-08-10-XFH-000-01.IGC,9.0,19:49:04,13:09:52,False,2077,4.0,-4.2,Austin Kasserman,12:00:00,163.0,85,18:09:52,4,Out-and-Back(stopped),2.8177777777777777,14.3,,3163.0,11.673622452065567,5.074921135646688
,560.67,19.6886,11.08.2022,57.45,,2.5031,02:30:11,,Zeno2 Ozone,D,-124,7900,2040,Austin Kasserman 2022-08-11-XFH-000-03.IGC,9.0,21:11:12,13:41:01,False,2119,7.0,-4.2,Austin Kasserman,14:11:49,416.0,79,18:41:01,5,Triangle,1.9897222222222222,52.45,,3579.0,22.951540090288045,26.360463492949883
,647.81,22.6169,12.08.2022,87.14,14:19:05,2.9283,02:55:42,,Zeno2 Ozone,D,-79,7494,1858,Austin Kasserman 2022-08-12-XFH-000-01.IGC,9.0,19:41:41,11:45:59,True,1937,5.2,-3.8,Austin Kasserman,12:21:24,791.0,79,16:45:59,6,Downwind,1.9614,82.14,43.4,4370.0,29.757879998634017,41.87825022942796
,706.9799999999999,23.9769,13.08.2022,59.17,14:09:52,1.36,01:21:36,,Zeno2 Ozone,D,-56,4212,1817,Austin Kasserman 2022-08-13-XFH-000-01.IGC,9.0,19:21:17,12:59:41,True,1895,5.2,-4.2,Austin Kasserman,13:09:08,654.0,78,17:59:41,7,Downwind,1.0122,54.17,56.5,5024.0,43.50735294117647,53.517091483896465
,175.3,4.8406,07.08.2022,175.3,17:23:50,4.8406,04:50:26,M,NKN,D,-152,14037,2157,Andrew Dahl 2022-08-07_17_47_22.igc,23.0,22:38:11,12:47:45,True,2257,6.4,-4.8,Andrew Dahl,13:10:54,911.0,100,17:47:45,1,Downwind,4.2156,170.3,41.1,911.0,36.21451886129819,40.39757092703292
,352.02,10.6262,08.08.2022,176.72,17:05:23,5.7856,05:47:08,,NKN,D,-246,16139,2579,Andrew Dahl 2022-08-08_16_53_57.igc,23.0,22:41:15,11:54:07,True,2657,6.4,-4.8,Andrew Dahl,12:31:02,947.0,78,16:54:07,2,Downwind,4.5725,171.72,38.2,1858.0,30.544800884955755,37.55494805904866
,413.4,13.1965,09.08.2022,61.38,,2.5703,02:34:13,,NKN,D,-48,7356,1852,Andrew Dahl 2022-08-09_17_21_53.igc,23.0,19:56:23,12:22:10,False,1932,6.0,-4.6,Andrew Dahl,12:54:57,397.0,80,17:22:10,3,Rectangle,2.023888888888889,56.38,,2255.0,23.880480877718554,27.85726049958825
1380.0,430.67999999999995,15.3587,10.08.2022,17.28,,2.1622,02:09:44,,NKN,D,-75,5902,1839,Andrew Dahl 2022-08-10_17_41_41.igc,23.0,19:51:39,12:41:55,False,1923,6.2,-5.8,Andrew Dahl,12:00:00,157.0,84,17:41:55,4,Out-and-Back(stopped),2.8608333333333333,12.280000000000001,,2412.0,7.991860142447508,4.292455578211477
,512.5799999999999,20.3165,11.08.2022,81.9,16:57:01,4.9578,04:57:28,,NKN,D,-7,13221,2087,Andrew Dahl 2022-08-11_17_13_16.igc,23.0,22:10:56,12:13:28,True,2167,4.8,-5.0,Andrew Dahl,12:48:39,739.0,80,17:13:28,5,Triangle,4.1394,76.9,19.3,3151.0,16.519423938037036,18.577571628738465
,599.7199999999999,22.5268,12.08.2022,87.14,16:46:34,2.2103,02:12:37,,NKN,D,-78,6207,1895,Andrew Dahl 2022-08-12_19_46_15.igc,23.0,21:59:05,14:46:28,True,1977,5.2,-4.4,Andrew Dahl,15:02:04,950.0,82,19:46:28,6,Downwind,1.7417,82.14,48.9,4101.0,39.424512509614075,47.16081988861457
,616.6099999999999,23.113500000000002,13.08.2022,16.89,,,00:35:12,,NKN,D,-52,1589,1573,Andrew Dahl 2022-08-13_17_53_56.igc,23.0,18:29:24,12:54:12,False,1655,5.0,-4.0,Andrew Dahl,13:09:00,89.0,82,17:54:12,7,Downwind,0.34,11.89,,4190.0,0,34.970588235294116
,175.3,4.8342,07.08.2022,175.3,17:42:46,4.8342,04:50:03,M,OZONE Delta 4,C,-166,13823,2163,David Siljeg 2500843.igc,27.0,22:55:38,13:05:35,True,2254,6.0,-9.2,David Siljeg,13:26:39,894.0,91,18:05:35,1,Downwind,4.2686,170.3,40.6,894.0,36.26246328244591,39.89598463196364
,204.72000000000003,6.2861,08.08.2022,29.42,,1.4519,01:27:07,,OZONE Delta 4,C,-15,4276,1972,David Siljeg 2500965.igc,27.0,19:38:52,13:11:45,False,2059,7.2,-5.2,David Siljeg,13:41:18,95.0,87,18:11:45,2,Downwind,0.9594444444444444,24.42,,989.0,20.26310351952614,25.452229299363058
,271.87,9.6197,09.08.2022,67.15,,3.3336,03:20:01,,OZONE Delta 4,C,-5,10365,2164,David _iljeg 2022-08-09-XCT-DSI-04.igc,27.0,20:53:00,12:32:59,False,2252,0.0,0.0,David Siljeg,12:55:14,434.0,88,17:32:59,3,Rectangle,2.9627777777777777,62.150000000000006,,1423.0,20.143388528917686,20.976936058503657
0.0,276.87,10.4483,10.08.2022,5.0,,,00:49:43,,OZONE Delta 4,C,-18,2810,1737,David Siljeg 2501207.igc,27.0,19:51:45,14:02:02,False,1824,5.6,-35.2,David Siljeg,,34.0,87,19:02:02,4,Out-and-Back(stopped),0,0.0,,1457.0,0,0.0
,330.77,14.4958,11.08.2022,53.9,,4.0475,04:02:51,,OZONE Delta 4,C,-144,11784,2034,David Siljeg 2501445.igc,27.0,21:01:18,11:58:27,False,2127,7.8,-6.4,David Siljeg,12:31:52,390.0,93,16:58:27,5,Triangle,3.4905555555555554,48.9,,1847.0,13.316862260654723,14.00923125895273
,417.90999999999997,17.45,12.08.2022,87.14,14:19:22,2.9542,02:57:15,,OZONE Delta 4,C,-77,8938,1780,David Siljeg 2501542.igc,27.0,19:32:55,11:35:40,True,1868,6.0,-6.4,David Siljeg,11:56:44,628.0,88,16:35:40,6,Downwind,2.3772,82.14,35.8,2475.0,29.496987340058222,34.5532559313478
,435.15,18.124399999999998,13.08.2022,17.24,,,00:40:28,,OZONE Delta 4,C,-337,2632,1525,David Siljeg 2501653.igc,27.0,19:28:13,13:47:45,False,1609,7.8,-5.0,David Siljeg,14:04:15,91.0,84,18:47:45,7,Downwind,0.39944444444444444,12.239999999999998,,2566.0,0,30.642559109874824
,175.3,5.0942,07.08.2022,175.3,17:20:35,5.0942,05:05:39,M,Ozone Zeolite GT,D,-162,15708,2436,Tyler Burns 2022-08-07-XFH-000-01.IGC,40.0,22:34:29,12:28:50,True,2527,6.2,-13.2,Tyler Burns,12:54:06,846.0,91,17:28:50,1,Downwind,4.4414,170.3,39.0,846.0,34.411683875780305,38.34376547935336
,352.02,11.4695,08.08.2022,176.72,17:31:36,6.3753,06:22:31,,Ozone Zeolite GT,D,-255,17976,2607,Tyler Burns 2022-08-08-XFH-000-01.IGC,40.0,22:39:28,11:16:57,True,2693,7.6,-5.8,Tyler Burns,12:25:28,810.0,86,16:16:57,2,Downwind,5.1022,171.72,34.2,1656.0,27.719479867614073,33.656069930618166
,479.21999999999997,18.2576,09.08.2022,127.2,,6.7881,06:47:17,,Ozone Zeolite GT,D,-11,20550,2377,Tyler Burns 2022-08-09-XFH-000-01.IGC,40.0,23:42:09,11:54:52,False,2458,6.4,-5.3,Tyler Burns,12:18:47,822.0,81,16:54:52,3,Rectangle,6.389444444444444,122.2,,2478.0,18.738675034251116,19.125293452743243
1745.0,515.5,21.0415,10.08.2022,36.28,,2.7839,02:47:02,,Ozone Zeolite GT,D,324,7472,1625,Tyler Burns 2022-08-10-XFH-000-01.IGC,40.0,19:50:57,12:03:55,False,2088,5.2,-5.0,Tyler Burns,12:00:00,298.0,463,17:03:55,4,Out-and-Back(stopped),2.8491666666666666,31.28,,2776.0,13.032077301627213,10.978648727698157
,597.4,25.9973,11.08.2022,81.9,17:03:09,4.9558,04:57:21,,Ozone Zeolite GT,D,4,14834,2044,Tyler Burns 2022-08-11-XFH-000-01.IGC,40.0,22:08:06,12:10:45,True,2126,6.2,-4.8,Tyler Burns,12:50:23,723.0,82,17:10:45,5,Triangle,4.2128,76.9,19.0,3499.0,16.526090641268816,18.253892897835172
,684.54,28.7515,12.08.2022,87.14,14:33:17,2.7542,02:45:15,,Ozone Zeolite GT,D,-54,8120,1798,Tyler Burns 2022-08-12-XFH-000-01.IGC,40.0,19:49:40,12:04:25,True,1876,5.4,-5.0,Tyler Burns,12:23:13,703.0,78,17:04:25,6,Downwind,2.1678,82.14,39.3,4202.0,31.638951419649988,37.89094934957099
,743.7099999999999,30.3015,13.08.2022,59.17,14:02:33,1.55,01:33:00,,Ozone Zeolite GT,D,-47,4915,1679,Tyler Burns 2022-08-13-XFH-000-01.IGC,40.0,19:09:23,12:36:23,True,1762,6.4,-5.4,Tyler Burns,12:54:07,568.0,83,17:36:23,7,Downwind,1.1406,54.17,50.1,4770.0,38.174193548387095,47.49254778186919
,175.3,5.0731,07.08.2022,175.3,17:32:23,5.0731,05:04:23,M,Air Design Volt 4,C,-740,14774,2246,Josh McVeigh 2022-08-07-XFH-000-01.IGC,21.0,22:37:56,12:33:33,True,2332,6.2,-4.4,Josh Mcveigh,12:52:49,795.0,86,17:33:33,1,Downwind,4.6594,170.3,37.2,795.0,34.55480869685203,36.54977035669829
,261.16,9.8534,09.08.2022,85.86,,4.7803,04:46:49,,Air Design Volt 4,C,-29,12364,2143,Josh McVeigh 2022-08-09-XFH-000-01.IGC,21.0,21:38:38,11:51:49,False,2228,6.4,-5.8,Josh Mcveigh,12:15:32,555.0,85,16:51:49,3,Rectangle,4.385,80.86,,1350.0,17.96121582327469,18.440136830102624
1642.0,272.52000000000004,11.174800000000001,10.08.2022,11.36,,1.3214,01:19:17,,Air Design Volt 4,C,-16,3358,2033,Josh McVeigh 2022-08-10-XFH-000-01.IGC,21.0,19:54:22,13:35:05,False,2153,142.0,-6.0,Josh Mcveigh,12:00:00,123.0,120,18:35:05,4,Out-and-Back(stopped),2.906111111111111,6.359999999999999,,1473.0,8.596942636597548,2.188491684190403
,329.98,15.223400000000002,11.08.2022,57.46,,4.0486,04:02:55,,Air Design Volt 4,C,-82,11022,1920,Josh McVeigh 2022-08-11-XFH-000-01.IGC,21.0,21:27:42,12:24:47,False,2013,5.2,-5.4,Josh Mcveigh,12:49:10,416.0,93,17:24:47,5,Triangle,3.6422222222222222,52.46,,1889.0,14.192560391246355,14.403294691885296
,344.84000000000003,15.911500000000002,12.08.2022,14.86,,,00:41:17,,Air Design Volt 4,C,-41,2114,1421,Josh McVeigh 2022-08-12-XFH-000-01.IGC,21.0,17:10:36,11:29:19,False,1500,5.2,-4.6,Josh Mcveigh,11:45:22,73.0,79,16:29:19,6,Downwind,0.42055555555555557,9.86,,1962.0,0,23.445178335535005
,404.01000000000005,17.8946,13.08.2022,59.17,13:21:36,1.9831,01:58:59,,Air Design Volt 4,C,-52,5571,1779,Josh McVeigh 2022-08-13-XFH-000-01.IGC,21.0,18:33:24,11:34:25,True,1863,5.4,-4.2,Josh Mcveigh,12:00:00,486.0,84,16:34:25,7,Downwind,1.36,54.17,42.0,2448.0,29.837123695224648,39.830882352941174
,175.3,5.3186,07.08.2022,175.3,16:52:04,5.3186,05:19:07,M,OZONE Zeno,D,-175,14667,2073,Max Montgomery 2022-08-07-XCT-MMO-01.igc,30.0,22:11:34,11:52:27,True,2162,7.4,-5.8,Max Montgomery,12:10:30,787.0,89,16:52:27,1,Downwind,4.6928,170.3,36.9,787.0,32.9598014515098,36.28963518581657
,194.63,6.6258,08.08.2022,19.33,,1.3072,01:18:26,,OZONE Zeno,D,-28,3281,1444,Max Montgomery 2022-08-08-XCT-MMO-01.igc,30.0,17:22:11,11:03:45,False,1530,8.0,-7.6,Max Montgomery,11:37:01,62.0,86,16:03:45,2,Downwind,0.7527777777777778,14.329999999999998,,849.0,14.787331701346389,19.036162361623614
,291.39,12.363299999999999,09.08.2022,96.76,,5.7375,05:44:15,,OZONE Zeno,D,-27,16055,2303,Max Montgomery 2022-08-09-XCT-MMO-01.igc,30.0,22:16:01,11:31:46,False,2395,5.6,-5.4,Max Montgomery,12:00:42,625.0,92,16:31:46,3,Rectangle,5.255277777777778,91.76,,1474.0,16.864488017429196,17.46054231196152
1725.0,327.06,16.3597,10.08.2022,35.67,,3.9964,03:59:47,,OZONE Zeno,D,-999,12296,2131,Max Montgomery 2022-08-10-XCT-MMO-01.igc,30.0,21:03:10,12:03:23,False,2220,8.2,-14.2,Max Montgomery,12:00:00,293.0,89,17:03:23,4,Out-and-Back(stopped),4.052777777777778,30.67,,1767.0,8.925532979681714,7.567649074708704
,385.09000000000003,20.9591,11.08.2022,58.03,,4.5994,04:35:58,,OZONE Zeno,D,-42,12032,2104,Max Montgomery 2022-08-11-XCT-MMO-01.igc,30.0,20:59:06,11:23:08,False,2184,6.6,-5.8,Max Montgomery,11:57:14,420.0,80,16:23:08,5,Triangle,4.0311111111111115,53.03,,2187.0,12.616863069095968,13.155181918412348
,472.23,24.1083,12.08.2022,87.14,15:50:19,3.1492,03:08:57,,OZONE Zeno,D,-1157,9040,1777,Max Montgomery 2022-08-12-XCT-MMO-01.igc,30.0,21:04:59,12:56:02,True,1861,6.4,-14.8,Max Montgomery,13:14:28,557.0,84,17:56:02,6,Downwind,2.5975,82.14,32.8,2744.0,27.670519497015114,31.62271414821944
,531.4,25.5244,13.08.2022,59.17,15:21:49,1.4161,01:24:58,,OZONE Zeno,D,-252,4892,2152,Max Montgomery 2022-08-13-XCT-MMO-02.igc,30.0,20:29:03,14:04:05,True,2236,7.6,-6.6,Max Montgomery,14:17:13,599.0,84,19:04:05,7,Downwind,1.0767,54.17,53.1,3343.0,41.7837723324624,50.31113587814619
,175.3,5.4747,07.08.2022,175.3,17:54:08,5.4747,05:28:29,M,Gin Camino,C,-167,15561,2039,Chandler Papas 2022-08-07-XNA-150644-02.igc,48.0,23:01:30,12:33:01,True,2131,5.4,-5.0,Chandler Papas,12:54:42,727.0,92,17:33:01,1,Downwind,4.9906,170.3,34.7,727.0,32.02001936179151,34.124153408407814
,344.17,12.0647,08.08.2022,168.87,,6.59,06:35:24,,Gin Camino,C,-258,17989,2419,Chandler Papas 2022-08-08-XNA-150644-04.igc,48.0,23:51:09,12:15:45,False,2501,7.8,-5.0,Chandler Papas,12:51:16,543.0,82,17:15:45,2,Downwind,5.998055555555555,163.87,,1270.0,25.625189681335357,27.320520539063587
,416.91,16.6314,09.08.2022,72.74,,4.5667,04:34:00,,Gin Camino,C,-8,12601,2515,Chandler Papas 2022-08-09-XNA-150644-03.igc,48.0,00:24:32,14:50:32,False,2598,5.8,-4.6,Chandler Papas,15:09:38,470.0,83,19:50:32,3,Rectangle,4.248333333333333,67.74,,1740.0,15.928350887949723,15.945076500588465
404.0,434.12,18.2078,10.08.2022,17.21,,1.5764,01:34:35,,Gin Camino,C,-56,4984,1635,Chandler Papas 2022-08-10-XNA-150644-04.igc,48.0,19:55:41,13:21:06,False,1721,6.2,-6.2,Chandler Papas,12:00:00,129.0,86,18:21:06,4,Out-and-Back(stopped),2.9280555555555554,12.21,,1869.0,10.917279878203502,4.170002846029789
,496.1,23.1145,11.08.2022,61.98,,4.9067,04:54:24,,Gin Camino,C,-56,13170,2163,Chandler Papas 2022-08-11-XNA-150644-02.igc,48.0,22:16:01,12:21:37,False,2243,6.2,-5.0,Chandler Papas,12:50:27,449.0,80,17:21:37,5,Triangle,4.426111111111111,56.98,,2318.0,12.631707665029449,12.87360361491151
,503.1,23.6653,12.08.2022,7.0,,,00:33:03,,Gin Camino,C,-12,1509,1448,Chandler Papas 2022-08-12-XNA-150644-03.igc,48.0,18:46:02,13:12:59,False,1530,5.8,-4.4,Chandler Papas,13:30:01,34.0,82,18:12:59,6,Downwind,0.26694444444444443,2.0,,2352.0,0,7.49219562955255
,532.6800000000001,23.877,13.08.2022,29.58,,,00:12:42,,Gin Camino,C,-1357,2420,1572,Chandler Papas 2022-08-13-XNA-150644-02.igc,48.0,18:07:33,12:54:51,False,1653,5.0,-1.8,Chandler Papas,13:09:03,156.0,81,17:54:51,7,Downwind,23.975,24.58,,2508.0,0,1.025234619395203
,175.3,5.5383,07.08.2022,175.3,17:31:03,5.5383,05:32:18,M,ADVANCE Omega XAlps 3,D,-880,15019,2307,Chris Lee 2022-08-07-XCT-CLE-01.igc,20.0,22:37:01,12:04:43,True,2390,6.2,-6.2,Chris Lee,12:27:46,715.0,83,17:04:43,1,Downwind,5.0547,170.3,34.3,715.0,31.6523120813246,33.6914159099452
,352.02,12.649999999999999,08.08.2022,176.72,18:14:16,7.1117,07:06:42,,ADVANCE Omega XAlps 3,D,-255,18576,2556,Chris Lee 2022-08-08-XCT-CLE-01.igc,20.0,23:40:16,11:33:34,True,2638,6.6,-5.2,Chris Lee,12:25:21,683.0,82,16:33:34,2,Downwind,5.8153,171.72,30.0,1398.0,24.849192176272904,29.529001083349097
,448.96,17.8803,09.08.2022,96.94,,5.2303,05:13:49,,ADVANCE Omega XAlps 3,D,-29,13517,2230,Chris Lee 2022-08-09-XCT-CLE-01.igc,20.0,22:14:26,12:00:37,False,2315,6.4,-5.4,Chris Lee,12:15:28,627.0,85,17:00:37,3,Rectangle,4.982777777777778,91.94,,2025.0,18.53430969542856,18.451555357341956
1419.0,459.96999999999997,19.502,10.08.2022,11.01,,1.6217,01:37:18,,ADVANCE Omega XAlps 3,D,-38,4600,2088,Chris Lee 2022-08-10-XCT-CLE-02.igc,20.0,19:52:27,13:15:09,False,2173,5.6,-5.8,Chris Lee,12:00:00,115.0,85,18:15:09,4,Out-and-Back(stopped),2.8741666666666665,6.01,,2140.0,6.789171856693593,2.091040881414903
,531.9399999999999,25.8628,11.08.2022,71.97,,6.3608,06:21:39,,ADVANCE Omega XAlps 3,D,-4,15846,2194,Chris Lee 2022-08-11-XCT-CLE-01.igc,20.0,22:57:15,11:35:36,False,2275,5.4,-5.0,Chris Lee,12:32:07,521.0,81,16:35:36,5,Triangle,5.418888888888889,66.97,,2661.0,11.314614513897622,12.358622103752307
,619.0799999999999,29.4089,12.08.2022,87.14,14:37:42,3.5461,03:32:46,,ADVANCE Omega XAlps 3,D,-82,8586,1875,Chris Lee 2022-08-12-XCT-CLE-01.igc,20.0,19:50:04,11:17:18,True,1954,6.2,-4.4,Chris Lee,12:23:44,679.0,79,16:17:18,6,Downwind,2.2328,82.14,38.1,3340.0,24.573475085304985,36.78788964528842
,678.2499999999999,32.0942,13.08.2022,59.17,14:53:40,2.6853,02:41:07,,ADVANCE Omega XAlps 3,D,-47,7881,1999,Chris Lee 2022-08-13-XCT-CLE-01.igc,20.0,20:25:04,12:43:57,True,2092,6.4,-5.0,Chris Lee,13:48:43,596.0,93,17:43:57,7,Downwind,1.0825,54.17,52.8,3936.0,22.034781961047184,50.04157043879908
,175.3,5.5481,07.08.2022,175.3,17:30:52,5.5481,05:32:53,M,GIN GLIDERS Puma,D,-157,13710,2055,Felix Figueroa 2022-08-07-XCT-FFI-01.igc,44.0,22:37:03,12:04:10,True,2140,5.4,-4.8,Felix Figueroa,12:26:02,710.0,85,17:04:10,1,Downwind,5.0806,170.3,34.1,710.0,31.596402371983206,33.51966303192537
,240.8,8.6337,08.08.2022,65.5,,3.0856,03:05:08,,GIN GLIDERS Puma,D,-91,7199,2043,Felix Figueroa 2022-08-08-XCT-FFI-02.igc,44.0,21:45:59,13:40:51,False,2131,5.6,-4.4,Felix Figueroa,14:08:04,211.0,88,18:40:51,2,Downwind,2.6319444444444446,60.5,,921.0,21.227638060668916,22.986807387862797
,346.66,15.3079,09.08.2022,105.86,,6.6742,06:40:27,,GIN GLIDERS Puma,D,-17,18526,2223,Felix Figueroa 2022-08-09-XCT-FFI-01.igc,44.0,23:25:07,11:44:40,False,2305,7.4,-4.8,Felix Figueroa,12:06:37,684.0,82,16:44:40,3,Rectangle,6.308333333333334,100.86,,1605.0,15.8610769830092,15.988375165125495
1304.0,365.64000000000004,17.1268,10.08.2022,18.98,,1.8189,01:49:08,,GIN GLIDERS Puma,D,-61,5729,2035,Felix Figueroa 2022-08-10-XCT-FFI-01.igc,44.0,19:53:48,13:04:40,False,2122,5.8,-4.8,Felix Figueroa,12:00:00,166.0,87,18:04:40,4,Out-and-Back(stopped),2.8966666666666665,13.98,,1771.0,10.434878223101876,4.826237054085156
,399.59000000000003,19.0529,11.08.2022,33.95,,1.9261,01:55:34,,GIN GLIDERS Puma,D,-60,5248,1727,Felix Figueroa 2022-08-11-XCT-FFI-01.igc,44.0,19:24:01,12:28:27,False,1808,6.2,-4.2,Felix Figueroa,13:11:43,246.0,81,17:28:27,5,Triangle,1.205,28.950000000000003,,2017.0,17.626291469809463,24.024896265560166
,486.73,22.1982,12.08.2022,87.14,14:24:36,3.1453,03:08:43,,GIN GLIDERS Puma,D,-71,7537,1780,Felix Figueroa 2022-08-12-XCT-FFI-01.igc,44.0,19:35:03,11:26:20,True,1856,5.2,-5.0,Felix Figueroa,11:57:07,601.0,76,16:26:20,6,Downwind,2.4581,82.14,34.6,2618.0,27.70482942803548,33.41605304910296
,529.98,23.5879,13.08.2022,43.25,,1.3897,01:23:23,,GIN GLIDERS Puma,D,-65,3801,1541,Felix Figueroa 2022-08-13-XCT-FFI-01.igc,44.0,18:30:30,12:07:07,False,1622,6.2,-4.0,Felix Figueroa,12:22:03,229.0,81,17:07:07,7,Downwind,1.1408333333333334,38.25,,2847.0,31.121824854285098,33.5281227173119
,175.3,5.5639,07.08.2022,175.3,17:32:37,5.5639,05:33:50,M,NKN,C,-164,13580,2167,Tom McCormick 2022-08-07_17_09_01.igc,45.0,22:43:08,12:09:18,True,2254,7.0,-4.8,Thomas Mccormick,12:27:33,709.0,87,17:09:18,1,Downwind,5.0844,170.3,34.1,709.0,31.506676971189275,33.49461096687909
,352.02,12.2375,08.08.2022,176.72,17:47:10,6.6736,06:40:25,,NKN,C,-260,18086,2407,Thomas McCormick 2022-08-08_16_23_05.igc,45.0,23:03:39,11:23:14,True,2490,6.2,-5.6,Thomas Mccormick,11:46:09,652.0,83,16:23:14,2,Downwind,6.0169,171.72,29.0,1361.0,26.48046032126588,28.539613422194154
,415.62,15.282800000000002,09.08.2022,63.6,,3.0453,03:02:43,,NKN,C,-39,7963,2058,Thomas McCormick 2022-08-09_18_18_42.igc,45.0,21:21:37,13:18:54,False,2141,5.8,-4.6,Thomas Mccormick,13:45:48,411.0,83,18:18:54,3,Rectangle,2.5969444444444445,58.6,,1772.0,20.88464190720126,22.564980211787358
921.0,432.29,17.330000000000002,10.08.2022,16.67,,2.0472,02:02:50,,NKN,C,-51,5805,1938,Tom McCormick 2022-08-10_17_53_27.igc,45.0,19:56:31,12:53:41,False,2023,5.2,-5.2,Thomas Mccormick,12:00:00,140.0,85,17:53:41,4,Out-and-Back(stopped),2.9419444444444443,11.670000000000002,,1912.0,8.142829230168035,3.966764233783402
,475.69,17.347800000000003,11.08.2022,43.4,,,00:01:04,,NKN,C,-35,7976,1853,Tom McCormick 2022-08-11_15_59_04.igc,45.0,16:01:48,11:00:44,False,1905,0.6,-0.6,Thomas Mccormick,12:32:15,314.0,52,16:00:44,5,Triangle,22.4925,38.4,,2226.0,0,1.7072357452484161
,482.69,17.553100000000004,12.08.2022,7.0,,,00:12:19,,NKN,C,0,618,532,Tom McCormick 2022-08-12_17_58_20.igc,45.0,18:10:51,12:58:32,False,612,5.6,-3.2,Thomas Mccormick,,34.0,80,17:58:32,6,Downwind,0,2.0,,2260.0,0,0.0
,541.3,17.720900000000004,13.08.2022,58.61,15:18:33,,00:10:04,,NKN,C,-1,4370,1929,Thomas McCormick 2022-08-13_18_34_18.igc,45.0,18:44:35,13:34:31,True,2008,3.6,-3.8,Thomas Mccormick,14:03:04,362.0,79,18:34:31,7,Downwind,1.2581,53.61,45.4,2622.0,0,42.61187504967808
,162.43,4.78,07.08.2022,162.43,,4.78,04:46:48,M,Default,C,-147,12391,2014,David Prentice 2022-08-07-XCM-I1S-01.igc,35.0,23:03:36,13:16:48,False,2112,5.8,-4.4,David Prentice,13:40:00,510.0,98,18:16:48,1,Downwind,4.3933333333333335,157.43,,510.0,33.98117154811715,35.83383915022762
,339.15,10.6633,08.08.2022,176.72,18:09:47,5.8833,05:53:00,,Default,C,-251,16526,2786,David Prentice 2022-08-08-XCM-I1S-02.igc,35.0,23:38:23,12:45:23,True,2869,5.4,-5.0,David Prentice,13:10:51,835.0,83,17:45:23,2,Downwind,4.9822,171.72,35.1,1345.0,30.037563952203694,34.46670145718759
,427.59,14.3614,09.08.2022,88.44,,3.6981,03:41:53,,Default,C,-39,10288,2336,David Prentice 2022-08-09-XCM-I1S-04.igc,35.0,23:09:17,14:27:24,False,2415,5.0,-4.2,David Prentice,14:46:00,572.0,79,19:27:24,3,Rectangle,3.3880555555555554,83.44,,1917.0,23.914983369838563,24.627695334918425
1208.0,444.79999999999995,15.9881,10.08.2022,17.21,,1.6267,01:37:36,,Default,C,-54,5328,1881,David Prentice 2022-08-10-XCM-I1S-01.igc,35.0,19:55:25,13:17:49,False,1969,5.6,-4.6,David Prentice,12:00:00,152.0,88,18:17:49,4,Out-and-Back(stopped),2.923611111111111,12.21,,2069.0,10.579701235630418,4.176342042755345
,487.12999999999994,17.9934,11.08.2022,42.33,,2.0053,02:00:19,,Default,C,-51,5735,1706,David Prentice 2022-08-11-XCM-I1S-01.igc,35.0,19:51:41,12:51:22,False,1791,4.8,-5.0,David Prentice,13:11:38,307.0,85,17:51:22,5,Triangle,1.6675,37.33,,2376.0,21.10906098838079,22.38680659670165
,574.27,20.546200000000002,12.08.2022,87.14,14:40:43,2.5528,02:33:10,,Default,C,-96,6627,1790,David Prentice 2022-08-12-XCM-I1S-01.igc,35.0,19:50:10,12:17:00,True,1867,6.0,-10.2,David Prentice,12:35:38,736.0,77,17:17:00,6,Downwind,2.0847,82.14,40.8,3112.0,34.13506737699781,39.401352712620515
,633.4399999999999,22.146200000000004,13.08.2022,59.17,15:06:57,1.6,01:36:00,,Default,C,-92,4543,1689,David Prentice 2022-08-13-XCM-I1S-01.igc,35.0,20:16:12,13:40:12,True,1774,6.0,-4.2,David Prentice,13:50:20,514.0,85,18:40:12,7,Downwind,1.2769,54.17,44.8,3626.0,36.981249999999996,42.42305583835853
,120.13,3.6164,07.08.2022,120.13,,3.6164,03:36:59,M,,C,-162,8947,1872,Ben Parker 2022-08-07_12.19_Unknown.igc,13.0,20:56:18,12:19:19,False,1959,5.0,-5.5,Ben Parker,12:40:29,377.0,87,17:19:19,1,Downwind,3.263611111111111,115.13,,377.0,33.2181174648822,35.27687462762788
,252.25,8.9158,08.08.2022,132.12,,5.2994,05:17:58,,,C,-225,13045,2305,Ben Parker 2022-08-08_13.25_Unknown.igc,13.0,23:42:54,13:24:56,False,2387,5.8,-5.1,Ben Parker,13:51:07,425.0,82,18:24:56,2,Downwind,4.8630555555555555,127.12,,802.0,24.931124278220175,26.139944022391045
,312.18,12.515500000000001,09.08.2022,59.93,,3.5997,03:35:59,,,C,-104,9339,1948,Ben Parker 2022-08-09_12.16_Unknown.igc,13.0,20:52:20,12:16:21,False,2029,4.4,-5.5,Ben Parker,12:55:22,387.0,81,17:16:21,3,Rectangle,2.9494444444444445,54.93,,1189.0,16.648609606356086,18.62384629873799
,381.18,18.253600000000002,11.08.2022,69.0,,5.7381,05:44:17,,,C,-79,14572,2155,Ben Parker 2022-08-11_11.51_Unknown.igc,13.0,22:35:23,11:51:06,False,2239,5.0,-4.8,Ben Parker,12:30:58,500.0,84,16:51:06,5,Triangle,5.073611111111111,64.0,,1723.0,12.024886286401422,12.614289624965782
,468.32,21.155800000000003,12.08.2022,87.14,14:47:03,2.9022,02:54:08,,,C,-127,8708,1878,Ben Parker 2022-08-12_12.02_benparker.igc,13.0,19:56:46,12:02:38,True,1961,4.4,-6.9,Ben Parker,12:17:52,592.0,83,17:02:38,6,Downwind,2.4864,82.14,34.2,2315.0,30.025497898146234,33.035714285714285
,527.49,22.704400000000003,13.08.2022,59.17,13:58:08,1.5486,01:32:55,,,C,-92,4228,1692,Ben Parker 2022-08-13_12.33_Unknown.igc,13.0,19:06:07,12:33:12,True,1774,4.4,-4.5,Ben Parker,12:44:54,535.0,82,17:33:12,7,Downwind,1.2206,54.17,46.8,2850.0,38.20870463644582,44.3798132066197
,112.02,3.6147,07.08.2022,112.02,,3.6147,03:36:53,M,Default,C,-105,9355,1977,Esau Diaz 2022-08-07-XCM-KZS-02.igc,4.0,22:05:36,13:28:43,False,2063,5.6,-5.2,Esau Diaz,13:50:41,352.0,86,18:28:43,1,Downwind,3.248611111111111,107.02,,352.0,30.990123661714662,32.94330910645575
,153.78,5.5041,08.08.2022,41.76,,1.8894,01:53:22,,Default,C,-9,4770,1796,Esau Diaz 2022-08-08-XCM-KZS-02.igc,4.0,20:18:25,13:25:03,False,1884,4.6,-4.6,Esau Diaz,13:47:57,134.0,88,18:25:03,2,Downwind,1.5077777777777779,36.76,,486.0,22.102254684026676,24.380250552689755
,220.82999999999998,10.4572,09.08.2022,67.05,,4.9531,04:57:11,,Default,C,-29,12102,2409,Esau Diaz 2022-08-09-XCM-KZS-03.igc,4.0,00:37:04,14:39:53,False,2493,5.4,-3.8,Esau Diaz,15:06:14,433.0,84,19:39:53,3,Rectangle,4.513888888888889,62.05,,919.0,13.536976842785325,13.746461538461537
,227.82999999999998,12.4686,11.08.2022,7.0,,2.0114,02:00:41,,Default,C,-12,4544,1510,Esau Diaz 2022-08-11-XCM-KZS-01.igc,4.0,18:13:03,11:12:22,False,1596,4.2,-10.8,Esau Diaz,12:46:56,51.0,86,16:12:22,5,Triangle,0.43527777777777776,2.0,,1004.0,3.4801630704981603,4.594767070835992
,234.82999999999998,13.0144,12.08.2022,7.0,,,00:32:45,,Default,C,-42,1249,1134,Esau Diaz 2022-08-12-XCM-KZS-02.igc,4.0,16:47:22,11:14:37,False,1205,3.8,-3.2,Esau Diaz,11:35:44,34.0,71,16:14:37,6,Downwind,0.1938888888888889,2.0,,1038.0,0,10.315186246418339
,249.52999999999997,13.5633,13.08.2022,14.7,,,00:32:56,,Default,C,-43,1457,1066,Esau 2022-08-13-XCM-KZS-01.igc,4.0,18:41:52,13:08:56,False,1148,5.8,-4.0,Esau Diaz,13:22:01,78.0,82,18:08:56,7,Downwind,0.3308333333333333,9.7,,1116.0,0,29.319899244332493
,109.8,2.4494,07.08.2022,109.8,,2.4494,02:26:58,M,777 QUEEN 2 Evo,C,-67,6769,1946,Moacir Thiele 2022-08-07-XFH-000-01.IGC,10.0,20:06:14,12:39:16,False,2042,5.6,-5.2,Moacir Thiele,14:59:28,345.0,96,17:39:16,1,Downwind,0.11277777777777778,104.8,,345.0,44.82730464603576,0.0
,286.52,8.6708,08.08.2022,176.72,17:55:59,6.2214,06:13:17,,777 QUEEN 2 Evo,C,-245,20029,2906,Moacir Thiele 2022-08-08-XFH-000-01.IGC,10.0,23:19:34,12:06:17,True,2994,7.0,-5.6,Moacir Thiele,12:25:55,735.0,88,17:06:17,2,Downwind,5.5011,171.72,31.8,1080.0,28.405182113350694,31.21557506680482
,342.79999999999995,11.655,09.08.2022,56.28,,2.9842,02:59:03,,777 QUEEN 2 Evo,C,-22,8240,1868,Moacir Thiele 2022-08-09-XFH-000-02.IGC,10.0,19:32:47,11:33:44,False,1953,7.8,-3.8,Moacir Thiele,12:24:59,364.0,85,16:33:44,3,Rectangle,2.13,51.28,,1444.0,18.85932578245426,24.07511737089202
1399.0,378.66999999999996,14.0819,10.08.2022,35.87,,2.4269,02:25:37,,777 QUEEN 2 Evo,C,431,6667,1450,Moacir Thiele 2022-08-10-XFH-000-01.IGC,10.0,19:46:52,12:21:15,False,2030,4.6,-4.2,Moacir Thiele,12:00:00,285.0,580,17:21:15,4,Out-and-Back(stopped),2.781111111111111,30.869999999999997,,1729.0,14.78017223618608,11.099880143827406
,426.90999999999997,16.247999999999998,11.08.2022,48.24,,2.1661,02:09:58,,777 QUEEN 2 Evo,C,-36,6084,1982,Moacir Thiele 2022-08-11-XFH-000-02.IGC,10.0,21:01:23,13:51:25,False,2061,4.4,-5.8,Moacir Thiele,14:14:50,349.0,79,18:51:25,5,Triangle,1.7758333333333334,43.24,,2078.0,22.270439961220628,24.34913186297513
,473.5,18.1269,12.08.2022,46.59,,1.8789,01:52:44,,777 QUEEN 2 Evo,C,-44,5113,1648,Moacir Thiele 2022-08-12-XFH-000-01.IGC,10.0,17:58:42,11:05:58,False,1736,5.4,-5.2,Moacir Thiele,11:21:41,228.0,88,16:05:58,6,Downwind,1.6169444444444445,41.59,,2306.0,24.796423439246368,25.721353719292217
,531.44,19.5916,13.08.2022,57.94,13:55:11,1.4647,01:27:53,,777 QUEEN 2 Evo,C,-43,4112,1785,Moacir Thiele 2022-08-13-XFH-000-01.IGC,10.0,18:59:18,12:31:25,True,1870,7.0,-4.8,Moacir Thiele,12:45:30,368.0,85,17:31:25,7,Downwind,1.1614,52.94,49.2,2674.0,39.557588584693114,45.582917168934046
,109.8,3.8683,07.08.2022,109.8,,3.8683,03:52:06,M,NKN,C,-91,8683,2382,Rick Fullmer 220807192622.igc,18.0,23:18:28,14:26:22,False,2474,6.6,-5.2,Rick Fullmer,14:59:28,345.0,92,19:26:22,1,Downwind,3.316666666666667,104.8,,345.0,28.384561693767285,31.59798994974874
,280.46,10.7733,08.08.2022,170.66,,6.905,06:54:18,,Gin Explorer2,C,-222,16598,2276,Rick Fullmer 2022-08-08-XFH-000-01.IGC,18.0,23:34:03,11:39:45,False,2358,7.2,-5.4,Rick Fullmer,12:25:36,549.0,82,16:39:45,2,Downwind,6.140833333333333,165.66,,894.0,24.71542360608255,26.976794680417967
,372.2,16.8216,09.08.2022,91.74,,6.0483,06:02:54,,Gin Explorer2,C,-7,15336,2328,Rick Fullmer 2022-08-09-XFH-000-02.IGC,18.0,23:38:24,12:35:30,False,2408,5.6,-5.4,Rick Fullmer,13:15:06,593.0,80,17:35:30,3,Rectangle,5.388333333333334,86.74,,1487.0,15.167898417737215,16.097742035261366
1735.0,407.41999999999996,19.3549,10.08.2022,35.22,,2.5333,02:32:00,,Gin Explorer2,C,-72,6692,1884,Rick Fullmer 2022-08-10-XFH-000-02.IGC,18.0,19:49:03,12:17:03,False,1966,6.2,-5.0,Rick Fullmer,12:00:00,290.0,82,17:17:03,4,Out-and-Back(stopped),2.8175,30.22,,1777.0,13.902814510717246,10.725820763087844
,454.34,21.8813,11.08.2022,46.92,,2.5264,02:31:35,,NKN,C,117,6062,2226,Rick Fullmer 220811192322.igc,18.0,21:54:57,14:23:22,False,2459,4.8,-4.4,Rick Fullmer,14:44:48,340.0,233,19:23:22,5,Triangle,2.1691666666666665,41.92,,2117.0,18.57188093730209,19.325393776411836
,541.48,25.1816,12.08.2022,87.14,14:33:04,3.3003,03:18:01,,Gin Explorer2,C,-60,8623,1919,Rick Fullmer 2022-08-12-XFH-000-01.IGC,18.0,19:46:43,11:28:42,True,2000,5.2,-4.6,Rick Fullmer,11:57:01,556.0,81,16:28:42,6,Downwind,2.6008,82.14,32.7,2673.0,26.403660273308486,31.58258997231621
,600.65,27.2713,13.08.2022,59.17,13:50:23,2.0897,02:05:23,,Gin Explorer2,C,-33,4958,1887,Rick Fullmer 2022-08-13-XFH-000-02.IGC,18.0,19:05:39,12:00:16,True,1970,6.8,-4.8,Rick Fullmer,12:17:57,432.0,83,17:00:16,7,Downwind,1.5406,54.17,37.1,3105.0,28.31506914868163,35.161625340776325
,96.12,2.9292,07.08.2022,96.12,,2.9292,02:55:45,M,Gin Leopard,D,1,7797,1819,shawn scott 2022-08-07-XNA-150094-01.igc,8.0,22:12:55,14:17:10,False,1939,5.4,-4.8,Shawn Scott,14:33:20,302.0,120,19:17:10,1,Downwind,2.6597222222222223,91.12,,302.0,32.81442031954118,34.25921671018277
,113.09,4.1536,08.08.2022,16.97,,1.2244,01:13:28,,Gin Leopard,D,-1,2635,1204,shawn scott 2022-08-08-XNA-150094-01.igc,8.0,17:13:51,11:00:23,False,1291,4.2,-4.2,Shawn Scott,11:36:49,55.0,87,16:00:23,2,Downwind,0.6172222222222222,11.969999999999999,,357.0,13.859849722312969,19.39333933393339
,220.79000000000002,9.673300000000001,09.08.2022,107.7,,5.5197,05:31:11,,Gin Leopard,D,-20,14769,2130,shawn scott 2022-08-09-XNA-150094-01.igc,8.0,22:27:49,11:56:38,False,2211,5.0,-4.8,Shawn Scott,12:15:07,696.0,81,16:56:38,3,Rectangle,5.211666666666667,102.7,,1053.0,19.511929996195445,19.705788295490887
1694.0,256.52000000000004,13.968600000000002,10.08.2022,35.73,,4.2953,04:17:43,,Gin Leopard,D,16,11560,2160,shawn scott 2022-08-10-XNA-150094-01.igc,8.0,21:12:20,11:54:37,False,2262,5.8,-14.8,Shawn Scott,12:00:00,292.0,102,16:54:37,4,Out-and-Back(stopped),4.205555555555556,30.729999999999997,,1345.0,8.318394524247433,7.307001321003962
,270.91,15.371400000000001,11.08.2022,14.39,,1.4028,01:24:10,,Gin Leopard,D,31,2750,1238,shawn scott 2022-08-11-XNA-150094-01.igc,8.0,18:15:03,11:50:53,False,1376,5.0,-3.4,Shawn Scott,12:31:57,104.0,138,16:50:53,5,Triangle,0.7183333333333334,9.39,,1449.0,10.258055317935558,13.071925754060326
,358.05,18.572200000000002,12.08.2022,87.14,14:15:54,3.2008,03:12:03,,Gin Leopard,D,-15,7737,1896,shawn scott 2022-08-12-XNA-150094-03.igc,8.0,19:32:04,11:20:01,True,2027,6.8,-5.0,Shawn Scott,11:38:14,548.0,131,16:20:01,6,Downwind,2.6278,82.14,32.4,1997.0,27.224443889027743,31.25808661237537
,75.19,2.7744,07.08.2022,75.19,,2.7744,02:46:28,M,Ozone Rush 4,B,-62,8051,1891,Robert Simpson 2022-08-07-XFH-000-01.IGC,3.0,20:16:01,12:29:33,False,1977,8.6,-4.4,Robert Simpson,12:54:47,236.0,86,17:29:33,1,Downwind,2.3538888888888887,70.19,,236.0,27.101355247981544,29.818739674297852
,108.77,4.6808,08.08.2022,33.58,,1.9064,01:54:23,,Ozone Rush 4,B,-30,4337,1663,Robert Simpson 2022-08-08-XFH-000-01.IGC,3.0,19:19:19,12:24:56,False,1752,6.0,-5.0,Robert Simpson,13:08:04,108.0,89,17:24:56,2,Downwind,1.1875,28.58,,344.0,17.614351657574485,24.06736842105263
,184.51999999999998,8.395199999999999,09.08.2022,75.75,,3.7144,03:42:52,,Ozone Rush 4,B,-12,10910,2117,Robert Simpson 2022-08-09-XFH-000-01.IGC,3.0,22:50:16,14:07:24,False,2200,6.2,-4.6,Robert Simpson,14:30:21,490.0,83,19:07:24,3,Rectangle,3.3319444444444444,70.75,,834.0,20.393603273745423,21.233847436431848
0.0,189.51999999999998,8.5155,10.08.2022,5.0,,,00:07:13,,Ozone Rush 4,B,-4,330,345,Robert Simpson 2022-08-10-XFH-000-02.IGC,3.0,19:29:48,14:22:35,False,429,5.6,-3.0,Robert Simpson,,34.0,84,19:22:35,4,Out-and-Back(stopped),0,0.0,,868.0,0,0.0
,231.7,10.4511,11.08.2022,42.18,,1.9356,01:56:08,,Ozone Rush 4,B,-71,5885,1657,Robert Simpson 2022-08-11-XFH-000-02.IGC,3.0,20:41:55,13:45:47,False,1739,5.6,-4.6,Robert Simpson,14:14:31,305.0,82,18:45:47,5,Triangle,1.4566666666666668,37.18,,1173.0,21.791692498450093,25.52402745995423
,244.07,11.036100000000001,12.08.2022,12.37,,,00:35:06,,Ozone Rush 4,B,-51,1702,1354,Robert Simpson 2022-08-12-XFH-000-01.IGC,3.0,18:05:35,12:30:29,False,1432,4.2,-4.6,Robert Simpson,12:47:20,61.0,78,17:30:29,6,Downwind,0.30416666666666664,7.369999999999999,,1234.0,0,24.230136986301368
,256.69,11.548900000000001,13.08.2022,12.62,,,00:30:46,,Ozone Rush 4,B,-50,1777,1515,Robert Simpson 2022-08-13-XFH-000-01.IGC,3.0,18:35:15,13:04:29,False,1595,5.2,-3.4,Robert Simpson,13:15:16,67.0,80,18:04:29,7,Downwind,0.33305555555555555,7.619999999999999,,1301.0,0,22.8790658882402
,64.66,2.0903,07.08.2022,64.66,,2.0903,02:05:25,F,Ozone Alpina 4,C,-66,5354,2300,Gokcen Buyukbas 2022-08-07-XFH-000-01.IGC,37.0,22:14:07,15:08:42,False,2395,5.2,-6.6,Gokcen Buyukbas,15:26:23,203.0,95,20:08:42,1,Downwind,1.7955555555555556,59.66,,203.0,30.933358848012244,33.22648514851485
,226.81,7.6536,08.08.2022,162.15,,5.5633,05:33:48,,Ozone Alpina 4,C,-233,14626,2424,Gokcen Buyukbas 2022-08-08-XFH-000-04.IGC,37.0,23:15:48,12:42:00,False,2514,5.4,-5.4,Gokcen Buyukbas,13:07:58,522.0,90,17:42:00,2,Downwind,5.1305555555555555,157.15,,725.0,29.14636996027538,30.630211153221442
,299.44,11.7119,09.08.2022,72.63,,4.0583,04:03:30,,Ozone Alpina 4,C,-5,10612,2017,Gokcen Buyukbas 2022-08-09-XFH-000-02.IGC,37.0,22:11:06,13:07:36,False,2111,5.0,-5.4,Gokcen Buyukbas,13:45:21,469.0,94,18:07:36,3,Rectangle,3.4291666666666667,67.63,,1194.0,17.896656235369488,19.721992709599025
1727.0,316.01,13.8594,10.08.2022,16.57,,2.1475,02:08:51,,Ozone Alpina 4,C,-46,6365,1987,Gokcen Buyukbas 2022-08-10-XFH-000-02.IGC,37.0,19:53:45,12:44:54,False,2080,4.8,-12.2,Gokcen Buyukbas,12:00:00,162.0,93,17:44:54,4,Out-and-Back(stopped),2.8958333333333335,11.57,,1356.0,7.715948777648428,3.9953956834532374
,378.13,17.5927,11.08.2022,62.12,,3.7333,03:44:00,,Ozone Alpina 4,C,-50,10815,2256,Gokcen Buyukbas2022-08-11-XFH-000-01.IGC,37.0,22:14:30,13:30:30,False,2345,5.0,-5.2,Gokcen Buyukbas,14:12:01,450.0,89,18:30:30,5,Triangle,3.0413888888888887,57.12,,1806.0,16.63943428066322,18.780893232258656
,403.90999999999997,18.7316,12.08.2022,25.78,,1.1389,01:08:20,,Ozone Alpina 4,C,-74,3288,1315,Gokcen Buyukbas 2022-08-12-XFH-000-02.IGC,37.0,18:46:23,12:38:03,False,1405,6.6,-4.4,Gokcen Buyukbas,12:55:12,126.0,90,17:38:03,6,Downwind,0.8530555555555556,20.78,,1932.0,22.63587672315392,24.359492022142625
,443.55999999999995,20.511,13.08.2022,39.65,,1.7794,01:46:46,,Ozone Alpina 4,C,-80,5622,2069,Gokcen Buyukbas 2022-08-13-XFH-000-02.IGC,37.0,20:47:17,14:00:31,False,2160,5.4,-6.2,Gokcen Buyukbas,14:17:14,210.0,91,19:00:31,7,Downwind,1.5008333333333332,34.65,,2142.0,22.282791952343484,23.08717379233759
,54.71,1.9586,07.08.2022,54.71,,1.9586,01:57:31,M,NKN,C,-20,5161,1757,Dustin Pachura 220807175333.igc,49.0,19:51:18,12:53:47,False,1841,6.0,-5.2,Dustin Pachura,13:10:27,172.0,84,17:53:47,1,Downwind,1.6808333333333334,49.71,,172.0,27.933217604411315,29.57461576598909
,231.43,8.1514,08.08.2022,176.72,18:10:30,6.1928,06:11:34,,NKN,C,-246,19128,2122,Dustin Pachura 220808171358.igc,49.0,23:25:47,12:14:13,True,2204,6.2,-5.0,Dustin Pachura,12:50:49,766.0,82,17:14:13,2,Downwind,5.3281,171.72,32.8,938.0,28.536364810747965,32.2291248287382
,321.73,12.485,09.08.2022,90.3,,4.3336,04:20:01,,NKN,C,-35,12996,2162,Dustin Pachura 220809171536.igc,49.0,21:35:52,12:15:51,False,2240,6.2,-5.6,Dustin Pachura,12:54:53,584.0,78,17:15:51,3,Rectangle,3.6830555555555557,85.3,,1522.0,20.837179250507663,23.160117655931817
1245.0,332.82,13.918099999999999,10.08.2022,11.09,,1.4331,01:25:59,,NKN,C,-51,4589,1887,Dustin Pachura 220810183814.igc,49.0,20:04:26,13:38:27,False,1976,7.0,-7.6,Dustin Pachura,12:00:00,111.0,89,18:38:27,4,Out-and-Back(stopped),3.073888888888889,6.09,,1633.0,7.738469053101667,1.9812036869690945
,399.35,17.9145,11.08.2022,66.53,,3.9964,03:59:47,,NKN,C,-12,10803,2037,Dustin Pachura 220811164439.igc,49.0,20:44:43,11:44:56,False,2121,5.8,-5.6,Dustin Pachura,12:31:43,482.0,84,16:44:56,5,Triangle,3.216666666666667,61.53,,2115.0,16.647482734461015,19.128497409326425
,486.49,20.5062,12.08.2022,87.14,15:38:40,2.5917,02:35:30,,NKN,C,120,6650,1568,Dustin Pachura 220812181543.igc,49.0,20:51:13,13:15:43,True,1849,6.0,-5.2,Dustin Pachura,13:30:10,713.0,281,18:15:43,6,Downwind,2.1417,82.14,39.8,2828.0,33.622718678859435,38.35271046365037
,545.66,21.9762,13.08.2022,59.17,14:48:28,1.47,01:28:12,,NKN,C,-55,4561,1873,Dustin Pachura 220813183213.igc,49.0,20:00:36,13:32:24,True,1958,6.2,-5.8,Dustin Pachura,13:47:18,641.0,85,18:32:24,7,Downwind,1.0194,54.17,56.1,3469.0,40.25170068027211,53.13910143221503
,43.62,1.8244,07.08.2022,43.62,,1.8244,01:49:28,M,GIN GLIDERS Calypso,B,-33,4710,2288,Zakey Faieq 2022-08-07-XCT-ZFX-03.igc,47.0,22:25:28,15:36:00,False,2371,5.0,-4.4,Zakey Faieq,16:01:37,137.0,83,20:36:00,1,Downwind,1.3975,38.62,,137.0,23.909230431922822,27.635062611806795
,186.07,7.723,08.08.2022,142.45,,5.8986,05:53:55,,GIN GLIDERS Calypso,B,-141,15522,2573,Zakey Faieq 2022-08-08-XCT-ZFX-01.igc,47.0,22:22:46,11:28:51,False,2661,6.2,-6.6,Zakey Faieq,11:58:20,458.0,88,16:28:51,2,Downwind,5.407222222222222,137.45,,595.0,24.149798257213575,25.41970615432035
,247.01999999999998,12.3424,09.08.2022,60.95,,4.6194,04:37:10,,GIN GLIDERS Calypso,B,-18,12887,2166,Zakey Faieq 2022-08-09-XCT-ZFX-01.igc,47.0,21:07:39,11:30:29,False,2263,6.4,-10.2,Zakey Faieq,12:00:40,394.0,97,16:30:29,3,Rectangle,4.116388888888889,55.95,,989.0,13.194354245140063,13.592010257102368
1399.0,263.53,15.1207,10.08.2022,16.51,,2.7783,02:46:42,,GIN GLIDERS Calypso,B,-34,7325,2078,Zakey Faieq 2022-08-10-XCT-ZFX-03.igc,47.0,19:57:14,12:10:32,False,2180,5.8,-21.2,Zakey Faieq,12:00:00,152.0,102,17:10:32,4,Out-and-Back(stopped),2.953888888888889,11.510000000000002,,1141.0,5.942482813231113,3.8965582095166456
,278.19,17.389599999999998,11.08.2022,14.66,,2.2689,02:16:08,,GIN GLIDERS Calypso,B,-8,4335,1636,Zakey Faieq 2022-08-11-XCT-ZFX-01.igc,47.0,18:20:12,11:04:04,False,1734,4.6,-4.6,Zakey Faieq,12:38:06,106.0,98,16:04:04,5,Triangle,0.7016666666666667,9.66,,1247.0,6.4612807968619155,13.767220902612827
,285.19,18.1149,12.08.2022,7.0,,,00:43:31,,GIN GLIDERS Calypso,B,-11,1551,953,Zakey Faieq 2022-08-12-XCT-ZFX-01.igc,47.0,16:44:10,11:00:39,False,1047,4.4,-3.8,Zakey Faieq,11:23:26,34.0,94,16:00:39,6,Downwind,0.34555555555555556,2.0,,1281.0,0,5.787781350482315
,344.36,20.116799999999998,13.08.2022,59.17,13:24:20,2.0019,02:00:07,,GIN GLIDERS Calypso,B,-43,4757,1772,Zakey Faieq 2022-08-13-XCT-ZFX-01.igc,47.0,18:31:58,11:31:51,True,1857,4.6,-4.2,Zakey Faieq,12:00:00,472.0,85,16:31:51,7,Downwind,1.4056,54.17,40.7,1753.0,29.556920925121137,38.538702333523055
,42.02,1.7375,07.08.2022,42.02,,1.7375,01:44:15,M,NKN,C,-25,4230,1924,Valter Castilho 2022-08-07 17_01_27.igc,12.0,18:45:57,12:01:42,False,2011,5.8,-4.4,Valter Castilho,12:28:04,132.0,87,17:01:42,1,Downwind,1.2980555555555555,37.02,,132.0,24.184172661870505,28.51958056922748
,218.74,8.220600000000001,08.08.2022,176.72,17:17:12,6.4831,06:28:59,,NKN,C,-253,18518,2861,Valter Castilho 2022-08-08 16_10_13.igc,12.0,22:39:21,11:10:22,True,2942,5.6,-5.8,Valter Castilho,11:36:44,706.0,81,16:10:22,2,Downwind,5.6744,171.72,30.8,838.0,27.25856457558884,30.262230367968417
,278.04,11.264800000000001,09.08.2022,59.3,,3.0442,03:02:39,,NKN,C,-29,8250,2006,Valter Castilho 2022-08-09 16_57_13.igc,12.0,20:00:06,11:57:27,False,2091,4.6,-4.8,Valter Castilho,12:19:43,383.0,85,16:57:27,3,Rectangle,2.6730555555555555,54.3,,1221.0,19.479666250574862,20.31383144549517
0.0,283.04,12.326500000000001,10.08.2022,5.0,,1.0617,01:03:42,,NKN,C,-2,2819,1428,Valter Castilho 2022-08-10 19_36_09.igc,12.0,20:40:05,14:36:23,False,1513,4.4,-5.6,Valter Castilho,,34.0,85,19:36:23,4,Out-and-Back(stopped),0,0.0,,1255.0,4.709428275407365,0.0
,301.05,14.0243,11.08.2022,18.01,,1.6978,01:41:52,,NKN,C,-43,3119,1171,Valter Castilho 2022-08-11 16_24_34.igc,12.0,18:06:41,11:24:49,False,1253,5.4,-4.2,Valter Castilho,11:57:26,130.0,82,16:24:49,5,Triangle,1.1541666666666666,13.010000000000002,,1385.0,10.607845447049124,11.272202166064984
,388.19,17.3307,12.08.2022,87.14,14:36:32,3.3064,03:18:23,,NKN,C,-74,9083,1710,Valter Castilho 2022-08-12 16_35_41.igc,12.0,19:54:18,11:35:55,True,1787,5.6,-5.6,Valter Castilho,11:58:56,548.0,77,16:35:55,6,Downwind,2.6267,82.14,32.4,1933.0,26.35494797967578,31.271176761716223
,447.36,19.6621,13.08.2022,59.17,14:10:25,2.3314,02:19:53,,NKN,C,-52,5854,1640,Valter Castilho 2022-08-13 17_00_42.igc,12.0,19:20:50,12:00:57,True,1720,6.0,-4.6,Valter Castilho,12:17:33,345.0,80,17:00:57,7,Downwind,1.8811,54.17,30.4,2278.0,25.379600240199025,28.79698049013875
,22.0,1.2111,07.08.2022,22.0,,1.2111,01:12:40,M,,B,-47,3586,1587,Brandon Brantley 2022-08-07-XFH-000-01.IGC,41.0,19:37:09,13:24:29,False,1678,6.6,-4.4,Brandon Brantley,13:43:10,69.0,91,18:24:29,1,Downwind,0.8997222222222222,17.0,,69.0,18.1653042688465,18.89472059277555
,29.0,2.5225,08.08.2022,7.0,,1.3114,01:18:41,,Gin Calypso S,B,23,3086,1899,Brandon Brantley 2022-08-08-XFH-000-01.IGC,41.0,19:31:43,13:13:02,False,2013,29.2,-4.2,Brandon Brantley,14:02:06,23.0,114,18:13:02,2,Downwind,0.4936111111111111,2.0,,92.0,5.337806923898125,4.051772650534609
,75.16,5.2064,09.08.2022,46.16,,2.6839,02:41:02,,Gin Calypso S,B,-43,6676,1800,Brandon Brantley 2022-08-09-XFH-000-01.IGC,41.0,20:17:07,12:36:05,False,1889,5.6,-4.8,Brandon Brantley,13:01:56,298.0,89,17:36:05,3,Rectangle,2.2530555555555556,41.16,,390.0,17.198852416259918,18.268524226359265
0.0,80.16,6.2292000000000005,10.08.2022,5.0,,1.0228,01:01:22,,Gin Calypso S,B,1686,1907,99,Brandon Brantley 2022-08-10-XFH-000-01.IGC,41.0,19:56:51,13:55:29,False,1876,5.0,-7.0,Brandon Brantley,,34.0,1777,18:55:29,4,Out-and-Back(stopped),0,0.0,,424.0,4.888541259288229,0.0
,139.32999999999998,8.6492,13.08.2022,59.17,13:58:29,2.42,02:25:12,,Gin Calypso S,B,-61,6375,1821,Brandon Brantley 2022-08-13-XFH-000-01.IGC,41.0,19:11:42,11:46:30,True,1906,4.8,-5.0,Brandon Brantley,12:11:12,367.0,85,16:46:30,7,Downwind,1.7881,54.17,32.0,825.0,24.450413223140497,30.2947262457357
,17.59,0.9167,07.08.2022,17.59,,,00:55:00,M,161Ozone Delta 3 WBWG,B,93,2340,1447,Jaime Vargas 8722.igc,2.0,18:47:07,12:52:07,False,1661,5.0,-4.2,Jaime Vargas,13:10:27,55.0,214,17:52:07,1,Downwind,0.6111111111111112,12.59,,55.0,0,20.60181818181818
,37.93,2.4661,08.08.2022,20.34,,1.5494,01:32:58,,161Ozone Delta 3 WBWG,B,-5,3429,1411,Jaime Vargas-aug8.igc,2.0,19:08:25,12:35:27,False,1496,5.2,-4.4,Jaime Vargas,13:10:36,65.0,85,17:35:27,2,Downwind,0.9636111111111111,15.34,,120.0,13.127662320898411,15.919285096569617
,63.84,3.715,12.08.2022,25.91,,1.2489,01:14:56,,161Ozone Delta 3 WBWG,B,-71,2919,1265,Jaime Vargas Task6jvargas.igc,2.0,18:45:11,12:30:15,False,1347,8.0,-5.0,Jaime Vargas,12:46:31,127.0,82,17:30:15,6,Downwind,0.9777777777777777,20.91,,247.0,20.746256705901196,21.385227272727274
,17.24,1.0369,07.08.2022,17.24,,1.0369,01:02:13,F,Triple Seven Queen 3,C,-31,2730,1497,Andria Lea 2022-08-07-XFH-000-01.IGC,25.0,20:22:45,14:20:32,False,1588,6.4,-4.6,Andria Lea,14:37:39,54.0,91,19:20:32,1,Downwind,0.7516666666666667,12.239999999999998,,54.0,16.62648278522519,16.28381374722838
,27.869999999999997,1.6663,08.08.2022,10.63,,,00:37:46,,Triple Seven Queen 3,C,-100,1791,1018,Andria Lea 2022-08-08-XFH-000-02.IGC,25.0,19:28:59,13:51:13,False,1107,6.0,-4.4,Andria Lea,14:07:15,34.0,89,18:51:13,2,Downwind,0.3622222222222222,5.630000000000001,,88.0,0,15.542944785276076
,98.57999999999998,6.635999999999999,09.08.2022,70.71,,4.9697,04:58:11,,Triple Seven Rook 3,C,-48,11755,1874,Andria Lea 2022-08-09-XFH-000-01.IGC,25.0,22:48:50,12:50:39,False,1955,5.8,-5.8,Andria Lea,13:13:15,457.0,81,17:50:39,3,Rectangle,4.593055555555556,65.71,,545.0,14.228223031571321,14.306380405201086
0.0,103.57999999999998,6.834899999999999,10.08.2022,5.0,,,00:11:56,,Triple Seven Rook 3,C,-5,514,503,Andria Lea 2022-08-10-XFH-000-02.IGC,25.0,19:53:30,14:41:34,False,587,4.8,-3.6,Andria Lea,,34.0,84,19:41:34,4,Out-and-Back(stopped),0,0.0,,579.0,0,0.0
,110.57999999999998,7.135699999999999,11.08.2022,7.0,,,00:18:03,,Triple Seven Rook 3,C,-14,724,458,Andria Lea 2022-08-11-XFH-000-01.IGC,25.0,18:31:32,13:13:29,False,544,4.4,-4.2,Andria Lea,,51.0,86,18:13:29,5,Triangle,0,2.0,,630.0,0,0.0
,140.10999999999999,9.245999999999999,12.08.2022,29.53,,2.1103,02:06:37,,Triple Seven Rook 3,C,-90,4124,1400,Andria Lea 2022-08-12-XFH-000-01.IGC,25.0,18:25:08,11:18:31,False,1479,6.0,-4.4,Andria Lea,11:38:03,144.0,79,16:18:31,6,Downwind,1.7847222222222223,24.53,,774.0,13.993271098895892,13.74443579766537
,147.10999999999999,9.686799999999998,13.08.2022,7.0,,,00:26:27,,Triple Seven Rook 3,C,-212,1127,1066,Andria Lea-2022-08-13-XFH-000-02.IGC,25.0,17:38:22,12:11:55,False,1148,5.0,-4.0,Andria Lea,12:25:52,37.0,82,17:11:55,7,Downwind,0.20833333333333334,2.0,,811.0,0,9.6
,7.0,0.1436,07.08.2022,7.0,,,00:08:37,M,NKN,B,0,346,366,Christopher Dunlap 220807200835.igc,34.0,20:17:24,15:08:47,False,452,4.6,-4.4,Christopher Dunlap,,22.0,86,20:08:47,1,Downwind,0,2.0,,22.0,0,0.0
,84.4,3.6772,08.08.2022,77.4,,3.5336,03:32:01,,NKN,B,-112,8729,1995,Christopher Dunlap 220808170845.igc,34.0,20:41:01,12:09:00,False,2079,5.4,-4.6,Christopher Dunlap,12:34:03,249.0,84,17:09:00,2,Downwind,3.116111111111111,72.4,,271.0,21.90400724473625,23.234088072740242
,91.4,3.9469,09.08.2022,7.0,,,00:16:11,,NKN,B,-4,856,772,Christopher Dunlap 220809174522.igc,34.0,18:01:47,12:45:36,False,854,5.2,-3.8,Christopher Dunlap,,45.0,82,17:45:36,3,Rectangle,0,2.0,,316.0,0,0.0
0.0,96.4,4.4744,10.08.2022,5.0,,,00:31:39,,NKN,B,-11,1453,1385,Chris Dunlap 220810182906.igc,34.0,19:00:57,13:29:18,False,1461,4.8,-5.8,Christopher Dunlap,,34.0,76,18:29:18,4,Out-and-Back(stopped),0,0.0,,350.0,0,0.0
,103.4,4.63,11.08.2022,7.0,,,00:09:20,,NKN,B,-6,450,363,Christopher Dunlap 220811173353.igc,34.0,17:43:26,12:34:06,False,436,4.8,-4.4,Christopher Dunlap,,51.0,73,17:34:06,5,Triangle,0,2.0,,401.0,0,0.0
,110.4,4.7825,12.08.2022,7.0,,,00:09:09,,NKN,B,-1,489,523,Christopher Dunlap 220812174022.igc,34.0,17:49:43,12:40:34,False,603,4.0,-3.2,Christopher Dunlap,,34.0,80,17:40:34,6,Downwind,0,2.0,,435.0,0,0.0
,131.61,5.5371999999999995,13.08.2022,21.21,,,00:45:17,,NKN,B,-55,2030,1111,Christopher Dunlap 220813171631.igc,34.0,18:02:00,12:16:43,False,1190,6.6,-4.6,Christopher Dunlap,12:28:01,112.0,79,17:16:43,7,Downwind,0.5663888888888889,16.21,,547.0,0,28.619911721432075
,7.0,0.4228,07.08.2022,7.0,,,00:25:22,M,Default,B,-29,1275,886,Michael Bene 2022-08-07-XCM-4YF-01.igc,22.0,18:08:25,12:43:03,False,964,6.8,-4.0,Michael Bene,,22.0,78,17:43:03,1,Downwind,0,2.0,,22.0,0,0.0
,14.0,0.5961000000000001,08.08.2022,7.0,,,00:10:24,,Default,B,-4,426,403,Michael Bene 2022-08-08-XCM-4YF-03.igc,22.0,19:16:15,14:05:51,False,483,5.0,-2.6,Michael Bene,,23.0,80,19:05:51,2,Downwind,0,2.0,,45.0,0,0.0
,37.82,2.385,09.08.2022,23.82,,1.7889,01:47:20,,Default,B,-40,4399,1217,Michael Bene 2022-08-09-XCM-4YF-01.igc,22.0,19:01:27,12:14:07,False,1298,5.4,-4.8,Michael Bene,12:58:46,154.0,81,17:14:07,3,Rectangle,1.0447222222222223,18.82,,199.0,13.315445245681705,18.01435788354161
,48.44,3.1839,12.08.2022,10.62,,,00:47:56,,Default,B,-48,1865,1204,Michael Bene 2022-08-12-XCM-4YF-01.igc,22.0,17:28:34,11:40:38,False,1275,7.4,-3.4,Michael Bene,11:58:13,52.0,71,16:40:38,6,Downwind,0.5058333333333334,5.619999999999999,,336.0,0,11.110378912685336
,64.37,3.8369999999999997,13.08.2022,15.93,,,00:39:11,,Default,B,-62,1677,1271,Michael Bene 2022-08-13-XCM-4YF-01.igc,22.0,18:03:27,12:24:16,False,1355,5.8,-3.2,Michael Bene,12:36:31,84.0,84,17:24:16,7,Downwind,0.4488888888888889,10.93,,420.0,0,24.349009900990097
,7.0,0.6914,07.08.2022,7.0,,,00:41:29,F,,B,-10,1678,997,Emily Petersen 2022-08-07-XFH-000-01.IGC,43.0,20:11:29,14:30:00,False,1083,5.2,-5.0,Emily Petersen,14:59:08,22.0,86,19:30:00,1,Downwind,0.20583333333333334,2.0,,22.0,0,9.7165991902834
,41.35,2.6033,08.08.2022,34.35,,1.9119,01:54:43,,,B,-35,4256,1767,Emily Petersen 2022-08-08-XFH-000-02.IGC,43.0,20:44:59,13:50:16,False,1851,25.8,-18.8,Emily Petersen,14:12:16,111.0,84,18:50:16,2,Downwind,1.5452777777777778,29.35,,133.0,17.966420837909933,18.993348912457307
,48.35,3.2755,09.08.2022,7.0,,,00:40:20,,,B,-19,1649,1283,Emily Petersen 2022-08-09-XFH-000-01.IGC,43.0,17:16:07,11:35:47,False,1371,6.4,-4.4,Emily Petersen,12:02:30,45.0,88,16:35:47,3,Rectangle,0.22694444444444445,2.0,,178.0,0,8.812729498164014
0.0,53.35,4.2049,10.08.2022,5.0,,,00:55:46,,,B,-21,2337,1460,Emily Petersen 2022-08-10-XFH-000-01.IGC,43.0,18:22:05,12:26:19,False,1547,5.4,-4.6,Emily Petersen,12:00:00,34.0,87,17:26:19,4,Out-and-Back(stopped),1.3680555555555556,0.0,,212.0,0,0.0
,60.35,5.1002,11.08.2022,7.0,,,00:53:43,,,B,-3,1739,1348,Emily Petersen 2022-08-11-XFH-000-01.IGC,43.0,18:09:20,12:15:37,False,1429,5.0,-4.4,Emily Petersen,12:55:38,51.0,81,17:15:37,5,Triangle,0.22833333333333333,2.0,,263.0,0,8.75912408759124
,67.35,5.7405,12.08.2022,7.0,,,00:38:25,,,B,-27,1434,1047,Emily Petersen 2022-08-12-XFH-000-01.IGC,43.0,16:43:08,11:04:43,False,1132,6.4,-5.0,Emily Petersen,11:22:15,34.0,85,16:04:43,6,Downwind,0.34805555555555556,2.0,,297.0,0,5.746209098164405
,105.13,6.3408,13.08.2022,37.78,,,00:36:01,,,B,-611,3762,1633,Emily Petersen 2022-08-13-XFH-000-01.IGC,43.0,17:42:28,12:06:27,False,1718,6.6,-4.0,Emily Petersen,12:26:32,200.0,85,17:06:27,7,Downwind,0.26555555555555554,32.78,,497.0,0,0.0
,7.0,0.2872,07.08.2022,7.0,,,00:17:14,F,Nova Ion 4,B,-13,788,540,Roxanne Lopez 2022-08-07-XNA-150045-05.igc,14.0,20:06:42,14:49:28,False,617,4.0,-4.0,Roxanne Lopez,,22.0,77,19:49:28,1,Downwind,0,2.0,,22.0,0,0.0
,14.0,1.4386,08.08.2022,7.0,,1.1514,01:09:05,,Nova Ion 4,B,-21,2300,1389,Roxanne Lopez 2022-08-08-XNA-150045-04.igc,14.0,19:44:34,13:35:29,False,1470,6.8,-4.2,Roxanne Lopez,14:15:38,23.0,81,18:35:29,2,Downwind,0.4822222222222222,2.0,,45.0,6.079555323953448,4.147465437788019
,63.26,4.5832999999999995,09.08.2022,49.26,,3.1447,03:08:41,,Nova Ion 4,B,-71,7981,2007,Roxanne Lopez 2022-08-09-XNA-150045-05.igc,14.0,22:53:49,14:45:08,False,2089,7.6,-5.0,Roxanne Lopez,15:10:34,318.0,82,19:45:08,3,Rectangle,2.720833333333333,44.26,,363.0,15.664451299011034,16.26707503828484
0.0,68.25999999999999,5.263,10.08.2022,5.0,,,00:40:47,,Nova Ion 4,B,-20,1379,837,Roxanne Lopez 2022-08-10-XNA-150045-06.igc,14.0,17:52:57,12:12:10,False,921,4.4,-4.4,Roxanne Lopez,12:00:00,34.0,84,17:12:10,4,Out-and-Back(stopped),0.8825,0.0,,397.0,0,0.0
,75.25999999999999,5.3774,11.08.2022,7.0,,,00:06:52,,Nova Ion 4,B,-10,885,528,Roxanne Lopez 2022-08-11-XNA-150045-02.igc,14.0,18:06:15,12:59:23,False,604,5.2,-3.2,Roxanne Lopez,,51.0,76,17:59:23,5,Triangle,0,2.0,,448.0,0,0.0
,82.25999999999999,5.9224,12.08.2022,7.0,,,00:32:42,,Nova Ion 4,B,-21,1340,1091,Roxanne Lopez 2022-08-12-XNA-150045-02.igc,14.0,17:12:48,11:40:06,False,1165,5.0,-4.4,Roxanne Lopez,12:01:03,34.0,74,16:40:06,6,Downwind,0.19583333333333333,2.0,,482.0,0,10.212765957446809
,89.25999999999999,6.079899999999999,13.08.2022,7.0,,,00:09:27,,Nova Ion 4,B,16,558,536,Roxanne Lopez 2022-08-13-XNA-150045-01.igc,14.0,17:04:37,11:55:10,False,632,4.8,-3.6,Roxanne Lopez,,37.0,96,16:55:10,7,Downwind,0,2.0,,519.0,0,0.0
,7.0,0.0994,07.08.2022,7.0,,,00:05:58,M,ARTIK 4,B,-4,360,373,ioan miftode 2022-08-07-ioan_miftode.igc,16.0,18:46:48,13:40:50,False,457,5.4,-5.0,Ioan Miftode,,22.0,84,18:40:50,1,Downwind,0,2.0,,22.0,0,0.0
,14.0,0.22999999999999998,08.08.2022,7.0,,,00:07:50,,ARTIK 4,B,-2,400,417,ioan miftode 2022-08-08-ioan_miftode.igc,16.0,18:01:40,12:53:50,False,498,4.2,-3.4,Ioan Miftode,,23.0,81,17:53:50,2,Downwind,0,2.0,,45.0,0,0.0
,64.18,2.5192,09.08.2022,50.18,,2.2892,02:17:21,,ARTIK 4,B,-40,5433,1918,ioan miftode 2022-08-09-ioan_miftode.igc,16.0,20:09:59,12:52:38,False,2002,6.2,-4.4,Ioan Miftode,13:11:10,324.0,84,17:52:38,3,Rectangle,1.9802777777777778,45.18,,369.0,21.92032150969771,22.814981063262728
,7.0,0.1758,07.08.2022,7.0,,,00:10:33,M,,B,-4,667,712,Corbin Petersen 2022-08-07-XFH-000-02.IGC,42.0,20:25:53,15:15:20,False,799,5.8,-3.4,Corbin Petersen,,22.0,87,20:15:20,1,Downwind,0,2.0,,22.0,0,0.0
,14.0,1.0525,08.08.2022,7.0,,,00:52:36,,,B,3,1800,953,Corbin Petersen 2022-08-08-XFH-000-01.IGC,42.0,17:03:35,11:10:59,False,1039,20.4,-15.4,Corbin Petersen,12:03:12,23.0,86,16:10:59,2,Downwind,0.006388888888888889,2.0,,45.0,0,0.0
,55.52,4.1992,09.08.2022,41.52,,3.1467,03:08:48,,,B,-38,6732,2331,Corbin Petersen 2022-08-09-XFH-000-03.IGC,42.0,23:00:22,14:51:34,False,2415,5.4,-7.0,Corbin Petersen,15:28:53,268.0,84,19:51:34,3,Rectangle,2.524722222222222,36.52,,313.0,13.194775479073316,14.464957641104634
0.0,60.52,5.0109,10.08.2022,5.0,,,00:48:42,,,B,-31,2434,1694,Corbin Petersen 2022-08-10-XFH-000-02.IGC,42.0,19:55:06,14:06:24,False,1778,38.4,-38.4,Corbin Petersen,,34.0,84,19:06:24,4,Out-and-Back(stopped),0,0.0,,347.0,0,0.0
,80.18,6.435300000000001,11.08.2022,19.66,,1.4244,01:25:28,,,B,-49,3211,1401,Corbin Lonestar 2022-08-11-XFH-000-03.IGC,42.0,20:30:37,14:05:09,False,1484,5.0,-5.2,Corbin Petersen,14:37:19,142.0,83,19:05:09,5,Triangle,0.8883333333333333,14.66,,489.0,13.802302723953945,16.50281425891182
,91.7,7.175300000000001,12.08.2022,11.52,,,00:44:24,,,B,-18,1783,1221,Corbin Petersen 2022-08-12-XFH-000-01.IGC,42.0,17:35:31,11:51:07,False,1311,6.4,-4.4,Corbin Petersen,12:11:32,56.0,90,16:51:07,6,Downwind,0.3997222222222222,6.52,,545.0,0,16.311327310632382
,105.58,7.323600000000001,13.08.2022,13.88,,,00:08:54,,,B,-529,1845,1510,Corbin Petersen 2022-08-13-XFH-000-01.IGC,42.0,17:04:22,11:55:28,False,1593,4.4,-3.8,Corbin Petersen,12:18:36,73.0,83,16:55:28,7,Downwind,23.762777777777778,8.88,,618.0,0,0.37369368526874436
,7.0,0.1575,07.08.2022,7.0,,,00:09:27,F,Air design Susi 3,C,-13,386,339,Lindsey Ripa 2022-08-07-XFH-000-01.IGC,7.0,19:03:15,13:53:48,False,433,4.6,-2.4,Lindsey Ripa,,22.0,94,18:53:48,1,Downwind,0,2.0,,22.0,0,0.0
,50.73,2.9531,08.08.2022,43.73,,2.7956,02:47:44,,Air design Susi 3,C,-4,6990,1647,Lindsey Ripa 2022-08-08-XFH-000-01.IGC,7.0,19:12:21,11:24:37,False,1737,4.6,-5.2,Lindsey Ripa,12:25:34,141.0,90,16:24:37,2,Downwind,1.7797222222222222,38.73,,163.0,15.642438117041063,21.76182300608709
,97.37,5.553100000000001,09.08.2022,46.64,,2.6,02:36:00,,Ozone Delta 4,C,-28,6599,1612,Lindsey Ripa 2022-08-09-XFH-000-01.IGC,7.0,19:17:00,11:41:00,False,1718,5.0,-4.0,Lindsey Ripa,12:01:45,301.0,106,16:41:00,3,Rectangle,2.254166666666667,41.64,,464.0,17.93846153846154,18.4724584103512
0.0,102.37,5.9839,10.08.2022,5.0,,,00:25:51,,Ozone Delta 4,C,-3,1237,1145,Lindsey Ripa 2022-08-10-XFH-000-01.IGC,7.0,17:21:01,11:55:10,False,1236,4.2,-3.6,Lindsey Ripa,,34.0,91,16:55:10,4,Out-and-Back(stopped),0,0.0,,498.0,0,0.0
,118.32000000000001,7.522,11.08.2022,15.95,,1.5381,01:32:17,,Ozone Delta 4,C,-37,3211,1620,Lindsey Ripa 2022-08-11-XFH-000-01.IGC,7.0,18:18:25,11:46:08,False,1704,5.4,-3.8,Lindsey Ripa,12:38:50,116.0,84,16:46:08,5,Triangle,0.6597222222222222,10.95,,614.0,10.369936935179767,16.597894736842104
,125.32000000000001,7.6503000000000005,12.08.2022,7.0,,,00:07:42,,Ozone Delta 4,C,-4,376,330,Lindsey Ripa 2022-08-12-XFH-000-01.IGC,7.0,17:31:13,12:23:31,False,411,3.8,-3.6,Lindsey Ripa,,34.0,81,17:23:31,6,Downwind,0,2.0,,648.0,0,0.0
,139.43,4.9936,08.08.2022,139.43,,4.9936,04:59:37,,Default,C,-153,13500,2212,Bob Blount 2022-08-08-XCM-EDQ-01.igc,19.0,22:38:09,12:38:32,False,2292,6.6,-5.0,Bob Blount,13:09:15,449.0,80,17:38:32,2,Downwind,4.4816666666666665,134.43,,471.0,27.921739826978534,29.99553737448866
-88.0,147.43,6.6986,10.08.2022,8.0,,1.705,01:42:18,,Default,C,-51,5145,2220,Bob Blount 2022-08-10-XCM-EDQ-01.igc,19.0,20:36:38,13:54:20,False,2312,6.2,-4.8,Bob Blount,,55.0,92,18:54:20,4,Out-and-Back(stopped),0,3.0,,571.0,4.6920821114369495,0.0
,234.57,10.2439,12.08.2022,87.14,14:26:58,3.5453,03:32:43,,Default,C,-73,9437,1904,Bob Blount 2022-08-12-BobBlount.igc,19.0,19:59:31,11:26:48,True,1980,6.2,-4.4,Bob Blount,11:48:23,544.0,76,16:26:48,6,Downwind,2.6431,82.14,32.2,1115.0,24.579020111133048,31.07714426241913
,7.0,1.3,08.08.2022,7.0,,1.3,01:18:00,,Triple Seven,B,-10,37127,1478,John Davis Task 2.igc,29.0,20:14:38,13:56:38,False,1561,1452.2,-684.2,John Davis,,23.0,83,18:56:38,2,Downwind,0,2.0,,45.0,5.384615384615384,0.0
,66.22999999999999,3.8682999999999996,09.08.2022,59.23,,2.5683,02:34:06,,777 Knight,B,-17,7865,1830,John Davis 2022-08-09-John-Davis-02.igc,29.0,21:32:09,13:58:03,False,1923,6.2,-5.4,John Davis,14:23:28,383.0,93,18:58:03,3,Rectangle,2.144722222222222,54.23,,428.0,23.061947591792237,25.285325735008417
,82.36999999999999,5.2372,11.08.2022,16.14,,1.3689,01:22:08,,777 Knight,B,-37,3002,1334,John Davis 2022-08-11-John-Davis-01.igc,29.0,18:18:46,11:56:38,False,1419,4.2,-4.0,John Davis,12:32:52,117.0,85,16:56:38,5,Triangle,0.765,11.14,,579.0,11.790488713565637,14.562091503267974
,106.74999999999999,6.253299999999999,12.08.2022,24.38,,1.0161,01:00:58,,777 Knight,B,-58,2783,1470,John Davis 2022-08-12-John-Davis-01.igc,29.0,18:16:57,12:15:59,False,1556,5.8,-4.0,John Davis,12:36:20,119.0,86,17:15:59,6,Downwind,0.6769444444444445,19.38,,698.0,23.993701407341796,28.628641772671315
,72.85,5.3983,09.08.2022,72.85,,5.3983,05:23:54,,not set,B,-13,13126,2268,Robin Hamilton 289B2153.IGC,15.0,00:57:27,14:33:33,False,2351,5.5,-11.4,Robin Hamilton,15:09:15,471.0,83,19:33:33,3,Rectangle,4.803333333333334,67.85,,516.0,13.494989163255099,14.125607217210268
1468.0,88.75999999999999,7.8308,10.08.2022,15.91,,2.4325,02:25:57,,not set,B,-51,7414,2010,Robin Hamilton 28AB2151.IGC,15.0,20:32:38,13:06:41,False,2094,5.6,-5.0,Robin Hamilton,12:00:00,150.0,84,18:06:41,4,Out-and-Back(stopped),3.543888888888889,10.91,,666.0,6.540596094552929,3.0785389559492082
,139.82999999999998,10.936399999999999,11.08.2022,51.07,,3.1056,03:06:20,,not set,B,-32,8342,1871,Robin Hamilton 28BB2151.IGC,15.0,21:12:22,13:06:02,False,1954,5.0,-3.8,Robin Hamilton,13:32:50,370.0,83,18:06:02,5,Triangle,2.658888888888889,46.07,,1036.0,16.444487377640392,17.32678646050982
,226.96999999999997,13.2989,12.08.2022,87.14,16:52:02,2.3625,02:21:45,,not set,B,-80,6962,1849,Robin Hamilton 28CB2152.IGC,15.0,22:03:29,14:41:44,True,1929,5.3,-3.7,Robin Hamilton,14:56:55,813.0,80,19:41:44,6,Downwind,1.9186,82.14,44.4,1849.0,36.884656084656086,42.81246742416345
,237.32999999999998,13.794699999999999,13.08.2022,10.36,,,00:29:45,,not set,B,-42,1387,1166,Robin Hamilton 28DB2151.IGC,15.0,20:07:28,14:37:43,False,1249,5.7,-3.8,Robin Hamilton,14:50:59,55.0,83,19:37:43,7,Downwind,0.2747222222222222,5.359999999999999,,1904.0,0,19.51061678463094
,29.03,1.4383,09.08.2022,29.03,,1.4383,01:26:18,,Ozone Rush 6,B,-61,4266,1760,Todd Peele 2022-08-09-XFH-000-02.IGC,46.0,20:41:09,14:14:51,False,1844,6.6,-5.4,Todd Peele,14:30:14,188.0,84,19:14:51,3,Rectangle,1.1819444444444445,24.03,,233.0,20.183550024334284,20.33090481786134
0.0,34.85,2.7191,10.08.2022,5.82,,1.2808,01:16:51,,Ozone Rush 6,B,-16,3634,1582,Todd Peele 2022-08-10-XFH-000-01.IGC,46.0,18:44:10,12:27:19,False,1669,5.0,-4.0,Todd Peele,12:00:00,40.0,87,17:27:19,4,Out-and-Back(stopped),1.7361111111111112,0.8200000000000003,,273.0,4.544034978138664,0.47232000000000013
,41.85,3.0127,11.08.2022,7.0,,,00:17:37,,Ozone Rush 6,B,4,842,877,Todd Peele 2022-08-11-XFH-000-01.IGC,46.0,18:05:46,12:48:09,False,956,4.2,-3.4,Todd Peele,,51.0,79,17:48:09,5,Triangle,0,2.0,,324.0,0,0.0
